transaction_id,sender_id,receiver_id,amount,transaction_date,device_id,fraud_flag,location,merchant_name,risk_score,status,timestamp,transaction_type
1,USER001,USER003,105462,NULL,DEV3,0,Mumbai,Amazon,50,SUCCESS,2026-02-25T18:25:22.335253800,CARD
2,USER003,USER003,98408,NULL,DEV267,1,Delhi,Unknown,80,SUCCESS,2026-02-25T18:25:25.377551700,CARD
3,USER003,USER002,2017,NULL,DEV593,0,Delhi,Unknown,30,SUCCESS,2026-02-25T18:25:28.406692900,CARD
4,USER001,USER002,116607,NULL,DEV745,1,Hyderabad,Amazon,75,SUCCESS,2026-02-25T18:25:31.439763500,UPI
5,USER001,USER003,7729,NULL,DEV982,0,Hyderabad,Amazon,0,SUCCESS,2026-02-25T18:25:34.467757900,UPI
6,USER003,USER001,91425,NULL,DEV39,1,Hyderabad,Unknown,105,SUCCESS,2026-02-25T18:25:37.483366900,CARD
7,USER003,USER001,2675,NULL,DEV739,0,Delhi,Flipkart,45,SUCCESS,2026-02-25T18:25:40.503970100,CARD
8,USER002,USER001,9869,NULL,DEV374,0,Mumbai,Amazon,0,SUCCESS,2026-02-25T18:25:43.529758,UPI
9,USER002,USER003,8239,NULL,DEV404,0,Delhi,Flipkart,25,SUCCESS,2026-02-25T18:25:46.559879200,CARD
10,USER003,USER002,2698,NULL,DEV707,0,Hyderabad,Flipkart,45,SUCCESS,2026-02-25T18:25:49.571018700,UPI
11,USER003,USER003,3835,NULL,DEV915,1,Mumbai,Unknown,75,SUCCESS,2026-02-25T18:25:52.591856500,UPI
12,USER001,USER002,5510,NULL,DEV286,0,Hyderabad,Unknown,50,SUCCESS,2026-02-25T18:25:55.609215100,ONLINE
13,USER001,USER003,3804,NULL,DEV450,1,Mumbai,Unknown,75,SUCCESS,2026-02-25T18:25:58.632905900,CARD
14,USER002,USER001,5623,NULL,DEV475,0,Mumbai,Amazon,25,SUCCESS,2026-02-25T18:26:01.659793200,CARD
15,USER002,USER002,10795,NULL,DEV171,0,Delhi,Flipkart,45,SUCCESS,2026-02-25T18:26:04.692452900,CARD
16,USER003,USER003,9893,NULL,DEV844,1,Delhi,Unknown,75,SUCCESS,2026-02-25T18:26:07.710398500,CARD
17,USER002,USER002,3037,NULL,DEV907,0,Hyderabad,Flipkart,45,SUCCESS,2026-02-25T18:26:10.743801200,ONLINE
18,USER002,USER003,2981,NULL,DEV436,0,Hyderabad,Amazon,20,SUCCESS,2026-02-25T18:26:13.779867700,CARD
19,USER003,USER003,6569,NULL,DEV634,1,Mumbai,Unknown,75,SUCCESS,2026-02-25T18:26:16.804413700,UPI
20,USER003,USER003,95222,NULL,DEV461,1,Delhi,Unknown,125,SUCCESS,2026-02-25T18:26:19.830455300,ONLINE
21,USER001,USER001,7877,NULL,DEV491,0,Delhi,Amazon,45,SUCCESS,2026-02-25T18:26:22.841900600,CARD
22,USER001,USER001,4550,NULL,DEV898,0,Hyderabad,Flipkart,45,SUCCESS,2026-02-25T18:26:25.858622500,CARD
23,USER002,USER002,6167,NULL,DEV721,0,Mumbai,Amazon,45,SUCCESS,2026-02-25T18:26:28.868027800,CARD
24,USER003,USER001,5029,NULL,DEV692,0,Mumbai,Flipkart,45,SUCCESS,2026-02-25T18:26:31.884539900,ONLINE
25,USER001,USER001,99807,NULL,DEV199,1,Delhi,Unknown,125,SUCCESS,2026-02-25T18:26:34.899524,ONLINE
26,USER001,USER001,10048,NULL,DEV767,0,Delhi,Flipkart,20,SUCCESS,2026-02-25T18:26:37.914669700,ONLINE
27,USER003,USER001,98435,NULL,DEV430,1,Delhi,Amazon,95,SUCCESS,2026-02-25T18:26:40.944063,CARD
28,USER002,USER003,88486,NULL,DEV670,1,Delhi,Amazon,95,SUCCESS,2026-02-25T18:26:43.970525100,ONLINE
29,USER003,USER001,5135,NULL,DEV356,0,Hyderabad,Flipkart,45,SUCCESS,2026-02-25T18:47:07.386982100,UPI
30,USER001,USER003,1327,NULL,DEV754,0,Hyderabad,Amazon,45,SUCCESS,2026-02-25T18:47:10.437323900,UPI
31,USER001,USER002,1587,NULL,DEV952,0,Delhi,Flipkart,45,SUCCESS,2026-02-25T18:47:13.474615600,CARD
32,USER001,USER002,5228,NULL,DEV108,0,Mumbai,Amazon,45,SUCCESS,2026-02-25T18:47:16.511564100,UPI
33,USER003,USER003,2468,NULL,DEV124,1,Delhi,Unknown,75,SUCCESS,2026-02-25T18:47:19.529607400,CARD
34,USER002,USER001,10365,NULL,DEV784,1,Mumbai,Unknown,75,SUCCESS,2026-02-25T18:47:22.563507200,UPI
35,USER001,USER002,2214,NULL,DEV578,0,Delhi,Amazon,45,SUCCESS,2026-02-25T18:47:25.595669300,ONLINE
36,USER003,USER002,1927,NULL,DEV830,1,Hyderabad,Unknown,75,SUCCESS,2026-02-25T18:47:28.622934400,ONLINE
37,USER002,USER001,7425,NULL,DEV764,0,Delhi,Amazon,45,SUCCESS,2026-02-25T18:47:31.656323900,CARD
38,USER002,USER003,9568,NULL,DEV923,0,Delhi,Unknown,50,SUCCESS,2026-02-25T18:47:34.685814500,UPI
39,USER002,USER002,5659,NULL,DEV822,0,Hyderabad,Amazon,45,SUCCESS,2026-02-25T18:47:37.714083400,ONLINE
40,USER001,USER001,10656,NULL,DEV624,0,Hyderabad,Flipkart,45,SUCCESS,2026-02-25T18:47:40.734930200,CARD
41,USER001,USER001,87266,NULL,DEV769,1,Mumbai,Flipkart,95,SUCCESS,2026-02-25T18:47:43.753366400,ONLINE
42,USER003,USER002,1069,NULL,DEV808,0,Hyderabad,Amazon,20,SUCCESS,2026-02-25T18:47:46.770680400,ONLINE
43,USER002,USER001,5510,NULL,DEV624,0,Hyderabad,Amazon,20,SUCCESS,2026-02-25T18:47:49.803140500,CARD
44,USER002,USER002,9901,NULL,DEV301,0,Hyderabad,Unknown,50,SUCCESS,2026-02-25T18:47:52.831765400,CARD
45,USER001,USER001,8548,NULL,DEV694,0,Hyderabad,Amazon,45,SUCCESS,2026-02-25T18:47:55.853847100,CARD
46,USER002,USER001,9926,NULL,DEV514,0,Hyderabad,Flipkart,20,SUCCESS,2026-02-25T18:47:58.878654800,UPI
47,USER003,USER001,1195,NULL,DEV941,0,Delhi,Flipkart,45,SUCCESS,2026-02-25T18:48:01.897776200,ONLINE
48,USER003,USER003,7664,NULL,DEV2,0,Mumbai,Flipkart,45,SUCCESS,2026-02-25T18:48:04.910220500,ONLINE
49,USER003,USER003,3265,NULL,DEV255,1,Delhi,Unknown,75,SUCCESS,2026-02-25T18:48:07.940556400,UPI
50,USER002,USER003,8481,NULL,DEV902,0,Hyderabad,Flipkart,20,SUCCESS,2026-02-25T18:48:10.955728300,UPI
51,USER003,USER001,5646,NULL,DEV144,1,Mumbai,Unknown,75,SUCCESS,2026-02-25T18:48:13.975284,CARD
52,USER002,USER003,9567,NULL,DEV369,0,Hyderabad,Flipkart,20,SUCCESS,2026-02-25T18:48:17.009007700,UPI
53,USER003,USER003,8967,NULL,DEV241,0,Delhi,Flipkart,45,SUCCESS,2026-02-25T18:48:20.029319100,CARD
54,USER003,USER001,2769,NULL,DEV423,0,Hyderabad,Amazon,45,SUCCESS,2026-02-25T18:48:23.058223700,ONLINE
55,USER001,USER002,10547,NULL,DEV797,0,Hyderabad,Flipkart,20,SUCCESS,2026-02-25T18:48:26.090332800,ONLINE
56,USER003,USER002,10861,NULL,DEV977,0,Hyderabad,Flipkart,20,SUCCESS,2026-02-25T18:48:29.110641800,UPI
57,USER003,USER003,111361,NULL,DEV911,1,Delhi,Flipkart,95,SUCCESS,2026-02-25T18:48:32.133057,UPI
58,USER001,USER003,5658,NULL,DEV865,0,Mumbai,Flipkart,45,SUCCESS,2026-02-25T18:48:35.161826400,ONLINE
59,USER001,USER002,2879,NULL,DEV185,1,Delhi,Unknown,75,SUCCESS,2026-02-25T18:48:38.182109400,CARD
60,USER001,USER003,4318,NULL,DEV131,0,Mumbai,Amazon,45,SUCCESS,2026-02-25T18:48:41.207914300,CARD
61,USER002,USER001,6539,NULL,DEV398,1,Mumbai,Unknown,75,SUCCESS,2026-02-25T18:48:44.237239100,CARD
62,USER002,USER003,3936,NULL,DEV433,1,Hyderabad,Unknown,75,SUCCESS,2026-02-25T18:48:47.259112100,UPI
63,USER002,USER001,10804,NULL,DEV751,1,Delhi,Unknown,75,SUCCESS,2026-02-25T18:48:50.293743200,ONLINE
64,USER001,USER001,9207,NULL,DEV173,0,Hyderabad,Amazon,45,SUCCESS,2026-02-25T18:48:53.308764500,CARD
65,USER002,USER002,3809,NULL,DEV57,0,Mumbai,Amazon,45,SUCCESS,2026-02-25T18:48:56.342149300,UPI
66,USER001,USER003,91936,NULL,DEV890,1,Hyderabad,Flipkart,70,SUCCESS,2026-02-25T18:48:59.361746300,CARD
67,USER001,USER003,4376,NULL,DEV52,0,Hyderabad,Flipkart,20,SUCCESS,2026-02-25T18:49:02.368843300,ONLINE
68,USER003,USER001,7082,NULL,DEV139,0,Delhi,Flipkart,20,SUCCESS,2026-02-25T18:49:05.385661800,CARD
69,USER003,USER002,127031,NULL,DEV412,1,Mumbai,Amazon,95,SUCCESS,2026-02-25T18:49:08.410262,ONLINE
70,USER001,USER003,6052,NULL,DEV745,0,Delhi,Flipkart,45,SUCCESS,2026-02-25T18:49:11.435533900,CARD
71,USER003,USER002,86598,NULL,DEV563,1,Delhi,Unknown,125,SUCCESS,2026-02-25T18:49:14.449608700,CARD
72,USER001,USER003,2317,NULL,DEV928,0,Delhi,Flipkart,20,SUCCESS,2026-02-25T18:49:17.479901100,UPI
73,USER003,USER001,5322,NULL,DEV52,0,Hyderabad,Flipkart,45,SUCCESS,2026-02-25T18:49:20.498274900,UPI
74,USER003,USER001,107956,NULL,DEV116,1,Hyderabad,Amazon,70,SUCCESS,2026-02-25T18:49:31.053471,ONLINE
75,USER002,USER003,8078,NULL,DEV272,1,Delhi,Unknown,75,SUCCESS,2026-02-25T18:49:34.135880900,UPI
76,USER002,USER001,106114,NULL,DEV542,1,Mumbai,Amazon,95,SUCCESS,2026-02-25T18:49:37.152032600,CARD
77,USER003,USER003,1485,NULL,DEV9,0,Hyderabad,Amazon,20,SUCCESS,2026-02-25T18:49:40.168859100,CARD
78,USER002,USER002,3070,NULL,DEV956,1,Delhi,Unknown,75,SUCCESS,2026-02-25T18:49:43.185734800,UPI
79,USER002,USER003,4749,NULL,DEV619,0,Delhi,Amazon,20,SUCCESS,2026-02-25T18:49:46.208257400,UPI
80,USER003,USER002,6518,NULL,DEV871,1,Mumbai,Unknown,75,SUCCESS,2026-02-25T18:49:49.233726600,CARD
81,USER002,USER002,2254,NULL,DEV928,0,Delhi,Unknown,50,SUCCESS,2026-02-25T18:49:52.251734800,ONLINE
82,USER002,USER001,95226,NULL,DEV626,1,Delhi,Unknown,100,SUCCESS,2026-02-25T18:49:55.271954200,ONLINE
83,USER003,USER001,7004,NULL,DEV91,1,Hyderabad,Unknown,75,SUCCESS,2026-02-25T18:49:58.304472,CARD
84,USER003,USER001,8623,NULL,DEV216,0,Delhi,Amazon,45,SUCCESS,2026-02-25T18:50:01.317286400,ONLINE
85,USER003,USER003,1560,NULL,DEV757,1,Hyderabad,Unknown,75,SUCCESS,2026-02-25T18:50:04.337189700,CARD
86,USER002,USER003,8061,NULL,DEV660,0,Hyderabad,Flipkart,45,SUCCESS,2026-02-25T18:50:07.368706800,UPI
87,USER002,USER002,6415,NULL,DEV858,0,Hyderabad,Amazon,20,SUCCESS,2026-02-25T18:50:10.373733800,CARD
88,USER002,USER002,7577,NULL,DEV727,1,Mumbai,Unknown,75,SUCCESS,2026-02-25T18:50:13.395528500,UPI
89,USER001,USER002,84872,NULL,DEV156,1,Delhi,Amazon,70,SUCCESS,2026-02-25T18:50:16.421788800,UPI
90,USER001,USER003,6850,NULL,DEV940,0,Delhi,Amazon,20,SUCCESS,2026-02-25T18:50:19.438296500,ONLINE
91,USER001,USER001,2521,NULL,DEV245,1,Mumbai,Unknown,75,SUCCESS,2026-02-25T18:50:22.469956100,ONLINE
92,USER003,USER003,100783,NULL,DEV606,1,Mumbai,Flipkart,95,SUCCESS,2026-02-25T18:50:25.488072,UPI
93,USER001,USER001,4633,NULL,DEV240,0,Delhi,Amazon,45,SUCCESS,2026-02-25T18:50:28.536356100,CARD
94,USER002,USER002,8806,NULL,DEV655,1,Hyderabad,Unknown,75,SUCCESS,2026-02-25T18:50:31.567015500,ONLINE
95,USER001,USER003,3439,NULL,DEV24,0,Delhi,Flipkart,20,SUCCESS,2026-02-25T18:50:34.593814,ONLINE
96,USER002,USER001,10862,NULL,DEV666,0,Mumbai,Amazon,45,SUCCESS,2026-02-25T18:50:37.673116300,UPI
97,USER003,USER001,2521,NULL,DEV471,0,Hyderabad,Amazon,45,SUCCESS,2026-02-25T18:50:40.744671900,CARD
98,USER001,USER002,99109,NULL,DEV361,1,Mumbai,Amazon,95,SUCCESS,2026-02-25T18:50:43.772527900,ONLINE
99,USER003,USER003,87117,NULL,DEV399,1,Mumbai,Amazon,95,SUCCESS,2026-02-25T18:50:46.804085800,CARD
100,USER001,USER001,127018,NULL,DEV719,1,Delhi,Flipkart,95,SUCCESS,2026-02-25T18:50:49.836947,UPI
101,USER001,USER002,2626,NULL,DEV251,1,Hyderabad,Unknown,75,SUCCESS,2026-02-25T18:50:52.866990800,CARD
102,USER001,USER001,5003,NULL,DEV110,0,Delhi,Amazon,45,SUCCESS,2026-02-25T18:50:55.901813600,UPI
103,USER003,USER002,7470,NULL,DEV150,0,Hyderabad,Amazon,45,SUCCESS,2026-02-25T18:50:58.919334300,UPI
104,USER001,USER001,8566,NULL,DEV833,1,Mumbai,Unknown,75,SUCCESS,2026-02-25T18:51:01.944587700,CARD
105,USER003,USER002,2008,NULL,DEV898,0,Hyderabad,Flipkart,20,SUCCESS,2026-02-25T18:51:04.973220800,CARD
106,USER002,USER001,2035,NULL,DEV930,0,Mumbai,Flipkart,20,SUCCESS,2026-02-25T18:51:07.991226100,ONLINE
107,USER003,USER003,5535,NULL,DEV353,0,Delhi,Amazon,45,SUCCESS,2026-02-25T18:51:11.014696600,ONLINE
108,USER002,USER003,1983,NULL,DEV372,1,Hyderabad,Unknown,75,SUCCESS,2026-02-25T18:51:14.043302300,UPI
109,USER003,USER002,110008,NULL,DEV446,1,Hyderabad,Amazon,95,SUCCESS,2026-02-25T18:51:17.061495400,UPI
110,USER002,USER003,2842,NULL,DEV241,0,Hyderabad,Flipkart,20,SUCCESS,2026-02-25T18:51:20.091432900,ONLINE
111,USER002,USER001,6667,NULL,DEV203,0,Hyderabad,Amazon,20,SUCCESS,2026-02-25T18:51:23.111750,UPI
112,USER003,USER003,9297,NULL,DEV660,0,Hyderabad,Amazon,20,SUCCESS,2026-02-25T18:51:26.140581900,ONLINE
113,USER001,USER002,119334,NULL,DEV180,1,Mumbai,Flipkart,70,SUCCESS,2026-02-25T18:51:29.161788100,CARD
114,USER003,USER003,9891,NULL,DEV215,0,Hyderabad,Amazon,20,SUCCESS,2026-02-25T18:51:32.179168700,CARD
115,USER001,USER001,100816,NULL,DEV938,1,Delhi,Flipkart,95,SUCCESS,2026-02-25T18:51:35.205384800,UPI
116,USER002,USER003,7519,NULL,DEV317,0,Mumbai,Flipkart,45,SUCCESS,2026-02-25T18:51:38.230848200,UPI
117,USER003,USER001,115374,NULL,DEV760,1,Hyderabad,Unknown,100,SUCCESS,2026-02-25T18:51:41.280102500,CARD
118,USER002,USER003,120363,NULL,DEV608,1,Delhi,Flipkart,95,SUCCESS,2026-02-25T18:51:44.312947,CARD
119,USER001,USER003,10967,NULL,DEV745,0,Hyderabad,Amazon,45,SUCCESS,2026-02-25T18:51:47.333534900,UPI
120,USER002,USER001,4958,NULL,DEV978,0,Hyderabad,Amazon,45,SUCCESS,2026-02-25T18:51:50.363873800,ONLINE
121,USER003,USER003,125299,NULL,DEV366,1,Delhi,Amazon,95,SUCCESS,2026-02-25T18:51:53.392697500,CARD
122,USER003,USER003,7694,NULL,DEV647,0,Delhi,Amazon,20,SUCCESS,2026-02-25T18:51:56.415013800,UPI
123,USER003,USER003,119895,NULL,DEV123,1,Mumbai,Flipkart,95,SUCCESS,2026-02-25T18:51:59.432317800,CARD
124,USER003,USER002,3569,NULL,DEV929,0,Delhi,Flipkart,45,SUCCESS,2026-02-25T18:52:02.454727200,ONLINE
125,USER003,USER003,5730,NULL,DEV330,0,Delhi,Unknown,50,SUCCESS,2026-02-25T18:52:05.477513100,ONLINE
126,USER001,USER002,5255,NULL,DEV154,1,Delhi,Unknown,75,SUCCESS,2026-02-25T18:52:08.500742600,UPI
127,USER003,USER003,8258,NULL,DEV533,0,Hyderabad,Amazon,45,SUCCESS,2026-02-25T18:52:11.507706500,UPI
128,USER003,USER003,6654,NULL,DEV228,0,Hyderabad,Flipkart,20,SUCCESS,2026-02-25T18:52:14.527344100,UPI
129,USER001,USER003,9966,NULL,DEV8,0,Hyderabad,Amazon,45,SUCCESS,2026-02-25T18:52:17.552847200,UPI
130,USER001,USER002,120699,NULL,DEV195,1,Delhi,Flipkart,95,SUCCESS,2026-02-25T18:52:20.583156700,UPI
131,USER003,USER002,7061,NULL,DEV436,0,Delhi,Amazon,45,SUCCESS,2026-02-25T18:52:23.608815900,UPI
132,USER001,USER001,7367,NULL,DEV401,0,Mumbai,Flipkart,45,SUCCESS,2026-02-25T18:52:26.638314300,ONLINE
133,USER002,USER003,107597,NULL,DEV619,1,Delhi,Unknown,125,SUCCESS,2026-02-25T18:52:29.658128100,UPI
134,USER001,USER001,3030,NULL,DEV735,0,Hyderabad,Amazon,45,SUCCESS,2026-02-25T18:52:32.677719400,UPI
135,USER001,USER001,93172,NULL,DEV602,1,Mumbai,Unknown,125,SUCCESS,2026-02-25T18:52:35.708632800,UPI
136,USER003,USER002,8800,NULL,DEV154,1,Hyderabad,Unknown,75,SUCCESS,2026-02-25T18:52:38.738113,ONLINE
137,USER001,USER003,2856,NULL,DEV681,0,Hyderabad,Amazon,45,SUCCESS,2026-02-25T18:52:41.761856200,UPI
138,USER003,USER001,9507,NULL,DEV171,0,Hyderabad,Unknown,50,SUCCESS,2026-02-25T18:52:44.772224700,UPI
139,USER002,USER002,1082,NULL,DEV780,0,Hyderabad,Amazon,45,SUCCESS,2026-02-25T18:52:47.830262900,UPI
140,USER001,USER001,6766,NULL,DEV420,1,Delhi,Unknown,75,SUCCESS,2026-02-25T18:52:50.854466600,CARD
141,USER003,USER003,94422,NULL,DEV517,1,Delhi,Amazon,95,SUCCESS,2026-02-25T18:52:53.871800600,UPI
142,USER003,USER001,6111,NULL,DEV97,0,Mumbai,Flipkart,45,SUCCESS,2026-02-25T18:52:56.890276100,UPI
143,USER002,USER002,1843,NULL,DEV38,1,Mumbai,Unknown,75,SUCCESS,2026-02-25T18:52:59.908524200,UPI
144,USER003,USER001,86797,NULL,DEV835,1,Delhi,Flipkart,95,SUCCESS,2026-02-25T18:53:02.938824,CARD
145,USER002,USER001,2825,NULL,DEV602,0,Mumbai,Amazon,20,SUCCESS,2026-02-25T18:53:05.960425400,ONLINE
146,USER003,USER002,5486,NULL,DEV430,1,Hyderabad,Unknown,75,SUCCESS,2026-02-25T18:53:08.993916900,UPI
147,USER003,USER001,120837,NULL,DEV388,1,Delhi,Unknown,125,SUCCESS,2026-02-25T18:53:12.001327800,ONLINE
148,USER002,USER001,1609,NULL,DEV427,1,Hyderabad,Unknown,75,SUCCESS,2026-02-25T18:53:15.018416100,CARD
149,USER003,USER003,3262,NULL,DEV693,0,Delhi,Unknown,50,SUCCESS,2026-02-25T18:53:18.046259,UPI
150,USER002,USER003,4371,NULL,DEV350,0,Mumbai,Flipkart,45,SUCCESS,2026-02-25T18:53:21.056076700,UPI
151,USER001,USER002,4474,NULL,DEV697,0,Delhi,Flipkart,20,SUCCESS,2026-02-25T18:53:24.069494800,UPI
152,USER002,USER001,10669,NULL,DEV96,0,Mumbai,Unknown,50,SUCCESS,2026-02-25T18:53:27.077403300,ONLINE
153,USER003,USER001,4192,NULL,DEV378,1,Hyderabad,Unknown,75,SUCCESS,2026-02-25T18:53:30.089893500,UPI
154,USER002,USER002,7235,NULL,DEV948,1,Hyderabad,Unknown,75,SUCCESS,2026-02-25T18:53:33.107587800,UPI
155,USER002,USER001,4271,NULL,DEV219,0,Hyderabad,Flipkart,20,SUCCESS,2026-02-25T18:53:36.114740,CARD
156,USER001,USER001,82286,NULL,DEV358,1,Hyderabad,Amazon,95,SUCCESS,2026-02-25T18:53:39.141862900,UPI
157,USER002,USER003,5204,NULL,DEV526,0,Hyderabad,Flipkart,20,SUCCESS,2026-02-25T18:53:42.188306600,ONLINE
158,USER003,USER001,2450,NULL,DEV294,1,Delhi,Unknown,75,SUCCESS,2026-02-25T18:53:45.313726300,ONLINE
159,USER002,USER003,99559,NULL,DEV589,1,Mumbai,Amazon,95,SUCCESS,2026-02-25T18:53:48.328633,ONLINE
160,USER003,USER001,9207,NULL,DEV176,0,Delhi,Unknown,50,SUCCESS,2026-02-25T18:53:51.336672200,UPI
161,USER002,USER002,5390,NULL,DEV451,0,Mumbai,Flipkart,20,SUCCESS,2026-02-25T18:53:54.363554300,CARD
162,USER003,USER002,6483,NULL,DEV959,0,Mumbai,Amazon,45,SUCCESS,2026-02-25T18:53:57.380927300,CARD
163,USER001,USER003,3791,NULL,DEV34,0,Delhi,Flipkart,45,SUCCESS,2026-02-25T18:54:00.405468700,CARD
164,USER001,USER001,1573,NULL,DEV652,0,Hyderabad,Flipkart,45,SUCCESS,2026-02-25T18:54:03.414197900,UPI
165,USER001,USER003,127690,NULL,DEV574,1,Mumbai,Amazon,95,SUCCESS,2026-02-25T18:54:06.442742500,UPI
166,USER002,USER002,3467,NULL,DEV666,0,Mumbai,Amazon,20,SUCCESS,2026-02-25T18:54:09.460413300,UPI
167,USER002,USER003,10035,NULL,DEV575,0,Mumbai,Flipkart,20,SUCCESS,2026-02-25T18:54:12.492340900,UPI
168,USER002,USER003,82140,NULL,DEV964,1,Mumbai,Amazon,70,SUCCESS,2026-02-25T18:54:15.519482200,CARD
169,USER003,USER001,8211,NULL,DEV258,1,Hyderabad,Unknown,75,SUCCESS,2026-02-25T18:54:18.530893800,UPI
170,USER001,USER003,97190,NULL,DEV941,1,Hyderabad,Unknown,125,SUCCESS,2026-02-25T18:54:21.552381200,ONLINE
171,USER002,USER003,1455,NULL,DEV617,0,Hyderabad,Flipkart,45,SUCCESS,2026-02-25T18:54:24.571554800,UPI
172,USER002,USER003,3319,NULL,DEV6,1,Mumbai,Unknown,75,SUCCESS,2026-02-25T18:54:27.598117,CARD
173,USER002,USER001,115757,NULL,DEV381,1,Hyderabad,Flipkart,95,SUCCESS,2026-02-25T18:54:30.604515300,UPI
174,USER003,USER003,10815,NULL,DEV930,0,Hyderabad,Amazon,20,SUCCESS,2026-02-25T18:54:33.620396400,UPI
175,USER002,USER003,5926,NULL,DEV586,0,Hyderabad,Amazon,20,SUCCESS,2026-02-25T18:54:36.636985100,ONLINE
176,USER003,USER003,1507,NULL,DEV380,0,Delhi,Amazon,45,SUCCESS,2026-02-25T18:54:39.657534500,ONLINE
177,USER003,USER002,1742,NULL,DEV26,0,Hyderabad,Flipkart,45,SUCCESS,2026-02-25T18:54:42.746840300,ONLINE
178,USER003,USER002,6915,NULL,DEV934,0,Hyderabad,Unknown,50,SUCCESS,2026-02-25T18:54:45.785654100,ONLINE
179,USER003,USER003,8300,NULL,DEV319,0,Mumbai,Amazon,45,SUCCESS,2026-02-25T18:54:48.814202500,CARD
180,USER003,USER002,10156,NULL,DEV795,1,Delhi,Unknown,75,SUCCESS,2026-02-25T18:54:51.833340200,UPI
181,USER001,USER002,5488,NULL,DEV428,1,Delhi,Unknown,75,SUCCESS,2026-02-25T18:54:54.841150700,ONLINE
182,USER003,USER003,6398,NULL,DEV757,0,Mumbai,Flipkart,45,SUCCESS,2026-02-25T18:54:57.863548600,ONLINE
183,USER003,USER003,2311,NULL,DEV436,0,Mumbai,Unknown,50,SUCCESS,2026-02-25T18:55:00.881051200,ONLINE
184,USER001,USER001,10486,NULL,DEV247,0,Mumbai,Amazon,45,SUCCESS,2026-02-25T18:55:03.900663300,ONLINE
185,USER002,USER003,4383,NULL,DEV233,0,Mumbai,Flipkart,45,SUCCESS,2026-02-25T18:55:06.914684200,CARD
186,USER003,USER003,5987,NULL,DEV412,0,Mumbai,Flipkart,20,SUCCESS,2026-02-25T18:55:09.944291,CARD
187,USER003,USER001,2489,NULL,DEV517,0,Mumbai,Flipkart,20,SUCCESS,2026-02-25T18:55:12.954903200,CARD
188,USER001,USER001,120716,NULL,DEV876,1,Mumbai,Unknown,100,SUCCESS,2026-02-25T18:55:15.986974200,CARD
189,USER001,USER002,3425,NULL,DEV403,0,Hyderabad,Flipkart,45,SUCCESS,2026-02-25T18:55:19.007217100,ONLINE
190,USER002,USER002,80543,NULL,DEV293,1,Delhi,Unknown,125,SUCCESS,2026-02-25T18:55:22.020741900,ONLINE
191,USER002,USER003,4966,NULL,DEV918,1,Mumbai,Unknown,75,SUCCESS,2026-02-25T18:55:25.039382900,UPI
192,USER002,USER001,112754,NULL,DEV798,1,Delhi,Flipkart,95,SUCCESS,2026-02-25T18:55:28.046736700,CARD
193,USER001,USER003,6904,NULL,DEV335,1,Delhi,Unknown,75,SUCCESS,2026-02-25T18:55:31.065987400,ONLINE
194,USER003,USER003,8397,NULL,DEV412,0,Delhi,Flipkart,45,SUCCESS,2026-02-25T18:55:34.084128900,ONLINE
195,USER003,USER001,9924,NULL,DEV627,0,Hyderabad,Amazon,45,SUCCESS,2026-02-25T18:55:37.110607400,ONLINE
196,USER001,USER003,6110,NULL,DEV17,0,Delhi,Flipkart,20,SUCCESS,2026-02-25T18:55:40.117217800,CARD
197,USER001,USER002,98418,NULL,DEV749,1,Hyderabad,Unknown,125,SUCCESS,2026-02-25T18:55:50.280905400,UPI
198,USER002,USER003,10935,NULL,DEV22,0,Hyderabad,Amazon,45,SUCCESS,2026-02-25T18:55:53.341761200,CARD
199,USER003,USER002,4989,NULL,DEV352,0,Hyderabad,Amazon,20,SUCCESS,2026-02-25T18:55:56.363203300,ONLINE
200,USER002,USER003,2168,NULL,DEV764,1,Delhi,Unknown,75,SUCCESS,2026-02-25T18:55:59.398051600,CARD
201,USER002,USER001,5327,NULL,DEV886,1,Mumbai,Unknown,75,SUCCESS,2026-02-25T18:56:02.411232200,ONLINE
202,USER002,USER001,5714,NULL,DEV67,0,Hyderabad,Amazon,45,SUCCESS,2026-02-25T18:56:05.445149200,UPI
203,USER001,USER001,4621,NULL,DEV650,0,Mumbai,Amazon,45,SUCCESS,2026-02-25T18:56:08.465144100,ONLINE
204,USER002,USER003,8004,NULL,DEV85,0,Hyderabad,Unknown,50,SUCCESS,2026-02-25T18:56:11.480187,ONLINE
205,USER002,USER003,10727,NULL,DEV606,0,Mumbai,Amazon,45,SUCCESS,2026-02-25T18:56:14.507226900,CARD
206,USER001,USER002,4541,NULL,DEV700,0,Mumbai,Amazon,20,SUCCESS,2026-02-25T18:56:17.512653200,ONLINE
207,USER002,USER003,3722,NULL,DEV421,1,Delhi,Unknown,75,SUCCESS,2026-02-25T18:56:20.542708700,CARD
208,USER003,USER001,7370,NULL,DEV675,0,Delhi,Amazon,45,SUCCESS,2026-02-25T18:56:23.559517100,CARD
209,USER001,USER002,6709,NULL,DEV721,0,Mumbai,Amazon,20,SUCCESS,2026-02-25T18:56:26.580638500,UPI
210,USER002,USER002,83235,NULL,DEV933,1,Delhi,Amazon,70,SUCCESS,2026-02-25T18:56:29.601228,ONLINE
211,USER002,USER001,1911,NULL,DEV109,0,Mumbai,Flipkart,45,SUCCESS,2026-02-25T18:56:32.620175200,CARD
212,USER002,USER002,2830,NULL,DEV652,0,Mumbai,Flipkart,20,SUCCESS,2026-02-25T18:56:35.649376200,CARD
213,USER003,USER003,8303,NULL,DEV707,0,Hyderabad,Amazon,45,SUCCESS,2026-02-25T18:56:38.678044300,ONLINE
214,USER002,USER003,6817,NULL,DEV826,0,Mumbai,Amazon,20,SUCCESS,2026-02-25T18:56:41.696771400,ONLINE
215,USER003,USER003,10249,NULL,DEV22,0,Mumbai,Amazon,45,SUCCESS,2026-02-25T18:56:44.712824100,UPI
216,USER001,USER002,106219,NULL,DEV746,1,Mumbai,Flipkart,70,SUCCESS,2026-02-25T18:56:47.740531,CARD
217,USER001,USER003,8614,NULL,DEV112,1,Hyderabad,Unknown,75,SUCCESS,2026-02-25T18:56:50.777878,CARD
218,USER002,USER002,86539,NULL,DEV183,1,Delhi,Unknown,125,SUCCESS,2026-02-25T18:56:53.801052800,CARD
219,USER002,USER003,8580,NULL,DEV340,0,Delhi,Amazon,20,SUCCESS,2026-02-25T18:56:56.822312500,UPI
220,USER002,USER003,116102,NULL,DEV706,1,Delhi,Amazon,70,SUCCESS,2026-02-25T18:56:59.842960200,UPI
221,USER002,USER002,4641,NULL,DEV500,0,Hyderabad,Amazon,45,SUCCESS,2026-02-25T18:57:02.864836900,ONLINE
222,USER002,USER003,8340,NULL,DEV823,0,Delhi,Amazon,45,SUCCESS,2026-02-25T18:57:05.892436600,CARD
223,USER003,USER002,9787,NULL,DEV795,0,Hyderabad,Flipkart,45,SUCCESS,2026-02-25T18:57:08.928996800,UPI
224,USER001,USER002,9731,NULL,DEV537,0,Hyderabad,Unknown,50,SUCCESS,2026-02-25T18:57:11.961329800,ONLINE
225,USER001,USER002,91914,NULL,DEV795,1,Delhi,Amazon,95,SUCCESS,2026-02-25T18:57:14.977661100,UPI
226,USER003,USER003,5593,NULL,DEV888,0,Mumbai,Flipkart,45,SUCCESS,2026-02-25T18:57:18.012171400,ONLINE
227,USER002,USER003,94060,NULL,DEV439,1,Mumbai,Unknown,125,SUCCESS,2026-02-25T18:57:21.039836800,UPI
228,USER001,USER002,10741,NULL,DEV921,0,Mumbai,Flipkart,45,SUCCESS,2026-02-25T18:57:24.053483,CARD
229,USER001,USER003,91350,NULL,DEV105,1,Hyderabad,Flipkart,95,SUCCESS,2026-02-25T18:57:27.066191300,CARD
230,USER001,USER003,1382,NULL,DEV493,0,Mumbai,Flipkart,45,SUCCESS,2026-02-25T18:57:30.081996500,UPI
231,USER002,USER003,6064,NULL,DEV619,0,Mumbai,Unknown,50,SUCCESS,2026-02-25T18:57:33.105082,UPI
232,USER001,USER002,9945,NULL,DEV615,0,Mumbai,Flipkart,20,SUCCESS,2026-02-25T18:57:36.141127400,ONLINE
233,USER003,USER001,7753,NULL,DEV481,0,Delhi,Amazon,45,SUCCESS,2026-02-25T18:57:39.154595,UPI
234,USER002,USER001,6494,NULL,DEV121,0,Delhi,Flipkart,45,SUCCESS,2026-02-25T18:57:42.184446500,ONLINE
235,USER003,USER002,8950,NULL,DEV805,0,Mumbai,Flipkart,45,SUCCESS,2026-02-25T18:57:45.203772700,ONLINE
236,USER001,USER003,10563,NULL,DEV191,1,Delhi,Unknown,75,SUCCESS,2026-02-25T18:57:48.222628100,ONLINE
237,USER001,USER002,8758,NULL,DEV681,0,Delhi,Amazon,20,SUCCESS,2026-02-25T18:57:51.256800400,ONLINE
238,USER001,USER003,8710,NULL,DEV17,0,Hyderabad,Amazon,45,SUCCESS,2026-02-25T18:57:54.288584700,UPI
239,USER002,USER001,2680,NULL,DEV855,1,Mumbai,Unknown,75,SUCCESS,2026-02-25T18:57:57.319884300,ONLINE
240,USER003,USER003,9254,NULL,DEV100,0,Mumbai,Amazon,20,SUCCESS,2026-02-25T18:58:00.338968400,ONLINE
241,USER003,USER001,94786,NULL,DEV99,1,Delhi,Unknown,125,SUCCESS,2026-02-25T18:58:03.354548600,ONLINE
242,USER001,USER001,9970,NULL,DEV722,0,Hyderabad,Unknown,50,SUCCESS,2026-02-25T18:58:06.364748300,ONLINE
243,USER003,USER001,6362,NULL,DEV551,0,Hyderabad,Amazon,45,SUCCESS,2026-02-25T18:58:09.386613400,ONLINE
244,USER001,USER001,10535,NULL,DEV276,0,Hyderabad,Flipkart,20,SUCCESS,2026-02-25T18:58:12.395716200,UPI
245,USER003,USER003,10488,NULL,DEV301,0,Delhi,Flipkart,45,SUCCESS,2026-02-25T18:58:15.406728800,UPI
246,USER001,USER002,5317,NULL,DEV958,0,Delhi,Flipkart,45,SUCCESS,2026-02-25T18:58:18.422698700,ONLINE
247,USER003,USER001,3618,NULL,DEV919,0,Mumbai,Amazon,45,SUCCESS,2026-02-25T18:58:21.434703600,ONLINE
248,USER002,USER002,80994,NULL,DEV754,1,Mumbai,Amazon,70,SUCCESS,2026-02-25T18:58:24.453124400,CARD
249,USER003,USER001,1445,NULL,DEV593,0,Hyderabad,Flipkart,45,SUCCESS,2026-02-25T18:58:27.476289300,UPI
250,USER002,USER001,89724,NULL,DEV794,1,Delhi,Amazon,95,SUCCESS,2026-02-25T18:58:30.502546600,CARD
251,USER003,USER002,107770,NULL,DEV116,1,Hyderabad,Amazon,70,SUCCESS,2026-02-25T18:58:33.518898600,CARD
252,USER003,USER003,111946,NULL,DEV649,1,Mumbai,Unknown,125,SUCCESS,2026-02-25T18:58:36.548642500,UPI
253,USER002,USER001,3413,NULL,DEV324,0,Delhi,Amazon,20,SUCCESS,2026-02-25T18:58:39.577457400,UPI
254,USER001,USER002,1747,NULL,DEV378,0,Delhi,Unknown,50,SUCCESS,2026-02-25T18:58:42.590298300,ONLINE
255,USER003,USER002,5486,NULL,DEV346,0,Delhi,Flipkart,45,SUCCESS,2026-02-25T18:58:45.607205500,ONLINE
256,USER002,USER002,7540,NULL,DEV991,0,Hyderabad,Flipkart,45,SUCCESS,2026-02-25T18:58:48.629035300,ONLINE
257,USER002,USER002,6411,NULL,DEV690,0,Mumbai,Flipkart,45,SUCCESS,2026-02-25T18:58:51.657390400,ONLINE
258,USER003,USER003,6469,NULL,DEV890,1,Mumbai,Unknown,75,SUCCESS,2026-02-25T18:58:54.680707100,UPI
259,USER002,USER002,1707,NULL,DEV501,1,Hyderabad,Unknown,75,SUCCESS,2026-02-25T18:58:57.713345400,ONLINE
260,USER002,USER003,108540,NULL,DEV310,1,Mumbai,Unknown,125,SUCCESS,2026-02-25T18:59:00.735700900,CARD
261,USER001,USER002,117237,NULL,DEV855,1,Delhi,Amazon,70,SUCCESS,2026-02-25T18:59:03.762707500,ONLINE
262,USER001,USER002,2111,NULL,DEV14,0,Mumbai,Amazon,45,SUCCESS,2026-02-25T18:59:06.785821800,CARD
263,USER001,USER001,7149,NULL,DEV489,0,Delhi,Flipkart,45,SUCCESS,2026-02-25T18:59:09.818229300,UPI
264,USER001,USER003,6021,NULL,DEV387,0,Delhi,Unknown,50,SUCCESS,2026-02-25T18:59:12.836421700,ONLINE
265,USER003,USER001,99588,NULL,DEV583,1,Mumbai,Flipkart,70,SUCCESS,2026-02-25T18:59:15.849639100,CARD
266,USER001,USER001,7684,NULL,DEV681,0,Delhi,Flipkart,20,SUCCESS,2026-02-25T18:59:18.879732400,CARD
267,USER002,USER003,1560,NULL,DEV410,0,Mumbai,Flipkart,20,SUCCESS,2026-02-25T18:59:21.902620800,UPI
268,USER002,USER002,9100,NULL,DEV810,1,Delhi,Unknown,75,SUCCESS,2026-02-25T18:59:24.944115100,UPI
269,USER003,USER003,7679,NULL,DEV294,0,Delhi,Amazon,45,SUCCESS,2026-02-25T18:59:27.980060200,CARD
270,USER003,USER001,9370,NULL,DEV929,0,Mumbai,Flipkart,45,SUCCESS,2026-02-25T18:59:30.995247800,UPI
271,USER003,USER003,10143,NULL,DEV52,0,Hyderabad,Amazon,45,SUCCESS,2026-02-25T18:59:34.027284400,CARD
272,USER002,USER002,3052,NULL,DEV335,1,Mumbai,Unknown,75,SUCCESS,2026-02-25T18:59:37.041534,CARD
273,USER001,USER001,1160,NULL,DEV463,0,Hyderabad,Amazon,45,SUCCESS,2026-02-25T18:59:40.072008300,ONLINE
274,USER001,USER003,10178,NULL,DEV80,0,Delhi,Flipkart,45,SUCCESS,2026-02-25T18:59:43.090141300,UPI
275,USER002,USER003,5143,NULL,DEV306,0,Hyderabad,Flipkart,45,SUCCESS,2026-02-25T18:59:46.107502200,CARD
276,USER002,USER003,1227,NULL,DEV950,0,Delhi,Amazon,45,SUCCESS,2026-02-25T18:59:49.127538600,ONLINE
277,USER003,USER001,115588,NULL,DEV912,1,Hyderabad,Amazon,70,SUCCESS,2026-02-25T18:59:52.146524,UPI
278,USER002,USER001,8691,NULL,DEV156,0,Mumbai,Amazon,45,SUCCESS,2026-02-25T18:59:55.177005800,CARD
279,USER001,USER003,5540,NULL,DEV722,1,Mumbai,Unknown,75,SUCCESS,2026-02-25T18:59:58.194102600,CARD
280,USER001,USER002,9162,NULL,DEV611,1,Hyderabad,Unknown,75,SUCCESS,2026-02-25T19:00:01.228535,ONLINE
281,USER001,USER003,1742,NULL,DEV27,1,Delhi,Unknown,75,SUCCESS,2026-02-25T19:00:04.252730700,UPI
282,USER003,USER002,118375,NULL,DEV327,1,Mumbai,Amazon,95,SUCCESS,2026-02-25T19:00:07.274932700,ONLINE
283,USER003,USER001,2905,NULL,DEV30,0,Delhi,Amazon,45,SUCCESS,2026-02-25T19:00:10.307566100,CARD
284,USER001,USER001,10336,NULL,DEV218,0,Delhi,Unknown,50,SUCCESS,2026-02-25T19:00:13.335502100,ONLINE
285,USER002,USER001,120891,NULL,DEV638,1,Delhi,Flipkart,95,SUCCESS,2026-02-25T19:00:16.365890700,ONLINE
286,USER001,USER001,5499,NULL,DEV822,0,Hyderabad,Flipkart,45,SUCCESS,2026-02-25T19:00:19.396192400,UPI
287,USER001,USER003,8075,NULL,DEV180,0,Mumbai,Amazon,45,SUCCESS,2026-02-25T19:00:22.424056300,CARD
288,USER001,USER001,5407,NULL,DEV263,0,Hyderabad,Amazon,45,SUCCESS,2026-02-25T19:00:25.450279600,ONLINE
289,USER001,USER003,10559,NULL,DEV947,0,Hyderabad,Flipkart,20,SUCCESS,2026-02-25T19:00:28.473522300,CARD
290,USER002,USER003,4699,NULL,DEV878,0,Hyderabad,Flipkart,45,SUCCESS,2026-02-25T19:00:31.492485100,ONLINE
291,USER003,USER001,3981,NULL,DEV382,1,Hyderabad,Unknown,75,SUCCESS,2026-02-25T19:00:34.510624800,ONLINE
292,USER002,USER003,123908,NULL,DEV13,1,Hyderabad,Amazon,70,SUCCESS,2026-02-25T19:00:37.540415200,CARD
293,USER003,USER002,9941,NULL,DEV399,1,Mumbai,Unknown,75,SUCCESS,2026-02-25T19:00:40.570700900,ONLINE
294,USER001,USER003,4306,NULL,DEV377,0,Hyderabad,Unknown,50,SUCCESS,2026-02-25T19:00:43.595056300,CARD
295,USER001,USER001,6597,NULL,DEV145,0,Mumbai,Flipkart,45,SUCCESS,2026-02-25T19:00:46.617929700,CARD
296,USER003,USER003,3674,NULL,DEV946,1,Delhi,Unknown,75,SUCCESS,2026-02-25T19:00:49.631455400,CARD
297,USER003,USER003,4122,NULL,DEV86,0,Hyderabad,Flipkart,45,SUCCESS,2026-02-25T19:00:52.642251100,ONLINE
298,USER001,USER002,6628,NULL,DEV132,0,Mumbai,Flipkart,20,SUCCESS,2026-02-25T19:00:55.662269400,ONLINE
299,USER002,USER002,2980,NULL,DEV265,0,Hyderabad,Flipkart,20,SUCCESS,2026-02-25T19:00:58.673639900,UPI
300,USER001,USER003,5071,NULL,DEV672,0,Hyderabad,Flipkart,45,SUCCESS,2026-02-25T19:01:01.705556300,ONLINE
301,USER003,USER002,9234,NULL,DEV436,1,Delhi,Unknown,75,SUCCESS,2026-02-25T19:01:04.730212200,CARD
302,USER001,USER002,3991,NULL,DEV778,0,Mumbai,Flipkart,45,SUCCESS,2026-02-25T19:01:07.765381700,UPI
303,USER002,USER003,3665,NULL,DEV266,0,Mumbai,Amazon,45,SUCCESS,2026-02-25T19:01:10.782568900,UPI
304,USER003,USER001,128660,NULL,DEV693,1,Mumbai,Unknown,125,SUCCESS,2026-02-25T19:01:13.813833900,CARD
305,USER003,USER003,7232,NULL,DEV853,0,Mumbai,Flipkart,20,SUCCESS,2026-02-25T19:01:16.826801300,UPI
306,USER002,USER001,110021,NULL,DEV441,1,Delhi,Unknown,125,SUCCESS,2026-02-25T19:01:19.844834,CARD
307,USER003,USER001,6862,NULL,DEV392,1,Hyderabad,Unknown,75,SUCCESS,2026-02-25T19:01:22.877731700,CARD
308,USER002,USER001,1912,NULL,DEV347,0,Mumbai,Amazon,45,SUCCESS,2026-02-25T19:01:25.885185200,CARD
309,USER003,USER001,1337,NULL,DEV525,0,Mumbai,Amazon,45,SUCCESS,2026-02-25T19:01:28.915784600,ONLINE
310,USER003,USER002,9403,NULL,DEV660,0,Hyderabad,Flipkart,45,SUCCESS,2026-02-25T19:01:31.942664900,CARD
311,USER003,USER001,4176,NULL,DEV751,0,Mumbai,Amazon,45,SUCCESS,2026-02-25T19:01:34.974935800,ONLINE
312,USER002,USER002,9461,NULL,DEV423,1,Hyderabad,Unknown,75,SUCCESS,2026-02-25T19:01:38.003958900,UPI
313,USER001,USER003,2129,NULL,DEV296,0,Hyderabad,Flipkart,45,SUCCESS,2026-02-25T19:01:41.035317800,ONLINE
314,USER001,USER001,5284,NULL,DEV254,0,Mumbai,Amazon,45,SUCCESS,2026-02-25T19:01:44.067937800,UPI
315,USER003,USER001,4490,NULL,DEV954,0,Hyderabad,Amazon,45,SUCCESS,2026-02-25T19:01:47.097407600,UPI
316,USER001,USER001,5000,NULL,DEV373,0,Delhi,Amazon,45,SUCCESS,2026-02-25T19:01:50.115552200,CARD
317,USER002,USER003,10027,NULL,DEV1,1,Mumbai,Unknown,75,SUCCESS,2026-02-25T19:01:53.134570,CARD
318,USER002,USER002,10221,NULL,DEV933,0,Delhi,Amazon,45,SUCCESS,2026-02-25T19:01:56.166187900,ONLINE
319,USER003,USER003,2193,NULL,DEV967,0,Mumbai,Flipkart,45,SUCCESS,2026-02-25T19:01:59.193334900,UPI
320,USER002,USER001,7076,NULL,DEV537,0,Hyderabad,Amazon,45,SUCCESS,2026-02-25T19:02:02.213175900,ONLINE
321,USER001,USER002,2076,NULL,DEV518,0,Delhi,Flipkart,20,SUCCESS,2026-02-25T19:02:05.241766,UPI
322,USER002,USER002,1818,NULL,DEV707,0,Hyderabad,Unknown,50,SUCCESS,2026-02-25T19:02:08.270020600,UPI
323,USER003,USER002,10745,NULL,DEV448,0,Delhi,Amazon,45,SUCCESS,2026-02-25T19:02:11.302763700,CARD
324,USER002,USER002,7166,NULL,DEV271,0,Hyderabad,Amazon,20,SUCCESS,2026-02-25T19:02:14.333433300,UPI
325,USER003,USER002,4040,NULL,DEV921,0,Delhi,Unknown,50,SUCCESS,2026-02-25T19:02:17.352350600,ONLINE
326,USER001,USER002,2623,NULL,DEV830,0,Hyderabad,Amazon,45,SUCCESS,2026-02-25T19:02:20.372268400,ONLINE
327,USER001,USER003,10582,NULL,DEV603,0,Delhi,Amazon,45,SUCCESS,2026-02-25T19:02:23.401998700,UPI
328,USER003,USER002,4714,NULL,DEV194,0,Delhi,Flipkart,20,SUCCESS,2026-02-25T19:02:26.419276700,ONLINE
329,USER001,USER001,95930,NULL,DEV64,1,Delhi,Unknown,100,SUCCESS,2026-02-25T19:02:29.426286900,CARD
330,USER002,USER001,7775,NULL,DEV648,1,Mumbai,Unknown,75,SUCCESS,2026-02-25T19:02:32.445748200,CARD
331,USER002,USER003,7899,NULL,DEV226,0,Mumbai,Amazon,20,SUCCESS,2026-02-25T19:02:35.471079500,UPI
332,USER002,USER003,8443,NULL,DEV528,0,Mumbai,Unknown,50,SUCCESS,2026-02-25T19:02:38.495350100,ONLINE
333,USER001,USER002,121495,NULL,DEV261,1,Hyderabad,Unknown,125,SUCCESS,2026-02-25T19:02:41.522480400,CARD
334,USER002,USER001,2670,NULL,DEV334,0,Delhi,Amazon,45,SUCCESS,2026-02-25T19:02:44.552828,UPI
335,USER002,USER001,4125,NULL,DEV850,0,Delhi,Unknown,50,SUCCESS,2026-02-25T19:02:47.585550300,UPI
336,USER003,USER002,1174,NULL,DEV492,1,Mumbai,Unknown,75,SUCCESS,2026-02-25T19:02:50.603953900,ONLINE
337,USER002,USER001,1250,NULL,DEV397,0,Hyderabad,Amazon,45,SUCCESS,2026-02-25T19:02:53.619739900,CARD
338,USER003,USER001,82970,NULL,DEV588,1,Delhi,Flipkart,95,SUCCESS,2026-02-25T19:02:56.634422600,CARD
339,USER003,USER001,2495,NULL,DEV495,0,Mumbai,Amazon,45,SUCCESS,2026-02-25T19:02:59.653570400,CARD
340,USER003,USER002,4431,NULL,DEV481,1,Hyderabad,Unknown,75,SUCCESS,2026-02-25T19:03:02.672404100,CARD
341,USER002,USER003,10417,NULL,DEV140,1,Delhi,Unknown,75,SUCCESS,2026-02-25T19:03:05.706826200,ONLINE
342,USER003,USER001,7917,NULL,DEV46,0,Delhi,Flipkart,45,SUCCESS,2026-02-25T19:03:08.726602700,UPI
343,USER002,USER002,3686,NULL,DEV277,1,Hyderabad,Unknown,75,SUCCESS,2026-02-25T19:03:11.749088400,ONLINE
344,USER001,USER002,5737,NULL,DEV916,0,Hyderabad,Flipkart,20,SUCCESS,2026-02-25T19:03:14.782770300,ONLINE
345,USER003,USER003,4398,NULL,DEV518,0,Hyderabad,Flipkart,45,SUCCESS,2026-02-25T19:03:17.802218300,CARD
346,USER001,USER001,7411,NULL,DEV664,0,Mumbai,Amazon,45,SUCCESS,2026-02-25T19:03:20.820828200,UPI
347,USER001,USER002,10310,NULL,DEV696,0,Hyderabad,Amazon,45,SUCCESS,2026-02-25T19:03:23.845982400,ONLINE
348,USER001,USER002,1113,NULL,DEV330,0,Mumbai,Flipkart,45,SUCCESS,2026-02-25T19:03:26.875392,UPI
349,USER001,USER003,7869,NULL,DEV311,0,Delhi,Flipkart,45,SUCCESS,2026-02-25T19:03:29.896216900,CARD
350,USER003,USER002,1802,NULL,DEV85,0,Mumbai,Amazon,45,SUCCESS,2026-02-25T19:03:32.924435300,CARD
351,USER002,USER003,10338,NULL,DEV596,0,Hyderabad,Unknown,50,SUCCESS,2026-02-25T19:03:35.945567800,ONLINE
352,USER001,USER003,119259,NULL,DEV589,1,Hyderabad,Amazon,95,SUCCESS,2026-02-25T19:03:38.958763200,UPI
353,USER001,USER002,127707,NULL,DEV915,1,Hyderabad,Amazon,70,SUCCESS,2026-02-25T19:03:41.984538400,ONLINE
354,USER001,USER002,109148,NULL,DEV411,1,Delhi,Unknown,125,SUCCESS,2026-02-25T19:03:45.000159400,UPI
355,USER003,USER002,5055,NULL,DEV621,0,Hyderabad,Amazon,45,SUCCESS,2026-02-25T19:03:48.027894600,ONLINE
356,USER003,USER001,4234,NULL,DEV138,1,Mumbai,Unknown,75,SUCCESS,2026-02-25T19:03:51.046059,UPI
357,USER001,USER002,106172,NULL,DEV149,1,Hyderabad,Unknown,125,SUCCESS,2026-02-25T19:03:54.071210,CARD
358,USER001,USER002,5189,NULL,DEV541,0,Mumbai,Amazon,45,SUCCESS,2026-02-25T19:03:57.089482400,CARD
359,USER003,USER003,8513,NULL,DEV711,0,Delhi,Flipkart,45,SUCCESS,2026-02-25T19:04:00.113750500,UPI
360,USER001,USER002,7587,NULL,DEV949,0,Delhi,Amazon,45,SUCCESS,2026-02-25T19:04:03.130893500,CARD
361,USER001,USER001,4932,NULL,DEV651,1,Hyderabad,Unknown,75,SUCCESS,2026-02-25T19:04:06.143715700,UPI
362,USER001,USER001,7267,NULL,DEV142,0,Mumbai,Amazon,45,SUCCESS,2026-02-25T19:04:09.178638600,ONLINE
363,USER003,USER001,6107,NULL,DEV965,0,Mumbai,Flipkart,45,SUCCESS,2026-02-25T19:04:12.207497700,ONLINE
364,USER002,USER002,82106,NULL,DEV618,1,Mumbai,Flipkart,95,SUCCESS,2026-02-25T19:04:15.234127200,UPI
365,USER003,USER003,8454,NULL,DEV616,0,Delhi,Amazon,45,SUCCESS,2026-02-25T19:04:18.264178,UPI
366,USER002,USER001,8944,NULL,DEV139,0,Mumbai,Amazon,20,SUCCESS,2026-02-25T19:04:21.293791400,CARD
367,USER001,USER001,84602,NULL,DEV845,1,Mumbai,Amazon,70,SUCCESS,2026-02-25T19:04:24.320524900,UPI
368,USER003,USER001,7242,NULL,DEV877,0,Delhi,Unknown,50,SUCCESS,2026-02-25T19:04:27.351316300,CARD
369,USER003,USER002,96775,NULL,DEV255,1,Delhi,Flipkart,70,SUCCESS,2026-02-25T19:04:30.385900400,UPI
370,USER001,USER003,128456,NULL,DEV713,1,Hyderabad,Amazon,95,SUCCESS,2026-02-25T19:04:33.414297600,ONLINE
371,USER002,USER003,8090,NULL,DEV681,0,Mumbai,Amazon,20,SUCCESS,2026-02-25T19:04:36.447293,CARD
372,USER002,USER001,2752,NULL,DEV65,0,Mumbai,Flipkart,20,SUCCESS,2026-02-25T19:04:39.476425700,ONLINE
373,USER001,USER001,9634,NULL,DEV125,1,Mumbai,Unknown,75,SUCCESS,2026-02-25T19:04:42.494626100,CARD
374,USER003,USER002,8233,NULL,DEV874,0,Hyderabad,Flipkart,45,SUCCESS,2026-02-25T19:04:45.522124100,ONLINE
375,USER002,USER003,4230,NULL,DEV286,0,Mumbai,Unknown,50,SUCCESS,2026-02-25T19:04:48.546279400,UPI
376,USER001,USER003,6600,NULL,DEV500,0,Delhi,Amazon,45,SUCCESS,2026-02-25T19:04:51.562768100,CARD
377,USER002,USER003,3156,NULL,DEV815,0,Delhi,Flipkart,45,SUCCESS,2026-02-25T19:04:54.580773,ONLINE
378,USER002,USER003,6348,NULL,DEV611,0,Mumbai,Flipkart,45,SUCCESS,2026-02-25T19:04:57.597156300,UPI
379,USER003,USER001,3131,NULL,DEV704,0,Hyderabad,Flipkart,20,SUCCESS,2026-02-25T19:05:00.625163400,UPI
380,USER001,USER003,6837,NULL,DEV913,0,Hyderabad,Flipkart,45,SUCCESS,2026-02-25T19:05:03.645510300,UPI
381,USER003,USER003,4617,NULL,DEV39,0,Delhi,Amazon,45,SUCCESS,2026-02-25T19:05:06.657669700,ONLINE
382,USER003,USER002,112280,NULL,DEV200,1,Delhi,Amazon,70,SUCCESS,2026-02-25T19:05:09.686613700,ONLINE
383,USER002,USER002,10973,NULL,DEV580,0,Hyderabad,Flipkart,45,SUCCESS,2026-02-25T19:05:12.711366900,UPI
384,USER003,USER003,5692,NULL,DEV83,0,Delhi,Flipkart,20,SUCCESS,2026-02-25T19:05:15.730016900,CARD
385,USER002,USER002,102685,NULL,DEV858,1,Delhi,Flipkart,95,SUCCESS,2026-02-25T19:05:18.757870600,UPI
386,USER002,USER003,4551,NULL,DEV197,0,Hyderabad,Amazon,45,SUCCESS,2026-02-25T19:05:21.789281700,ONLINE
387,USER001,USER001,6863,NULL,DEV668,0,Hyderabad,Flipkart,20,SUCCESS,2026-02-25T19:05:24.804944900,UPI
388,USER002,USER003,86041,NULL,DEV191,1,Delhi,Amazon,95,SUCCESS,2026-02-25T19:05:27.827282600,UPI
389,USER003,USER001,6987,NULL,DEV300,0,Delhi,Flipkart,20,SUCCESS,2026-02-25T19:05:30.835349900,ONLINE
390,USER003,USER001,103550,NULL,DEV78,1,Delhi,Amazon,70,SUCCESS,2026-02-25T19:05:33.851097500,ONLINE
391,USER002,USER002,100270,NULL,DEV92,1,Mumbai,Flipkart,95,SUCCESS,2026-02-25T19:05:36.863535200,CARD
392,USER003,USER002,1975,NULL,DEV770,0,Hyderabad,Amazon,45,SUCCESS,2026-02-25T19:05:39.896203500,UPI
393,USER001,USER001,5039,NULL,DEV864,0,Delhi,Amazon,45,SUCCESS,2026-02-25T19:05:42.914696600,ONLINE
394,USER003,USER003,2001,NULL,DEV374,0,Hyderabad,Flipkart,20,SUCCESS,2026-02-25T19:05:45.939552800,UPI
395,USER002,USER001,4262,NULL,DEV914,0,Delhi,Flipkart,45,SUCCESS,2026-02-25T19:05:48.959042600,CARD
396,USER001,USER001,113163,NULL,DEV614,1,Hyderabad,Amazon,95,SUCCESS,2026-02-25T19:05:51.979121300,UPI
397,USER002,USER001,6375,NULL,DEV804,0,Delhi,Amazon,20,SUCCESS,2026-02-25T19:05:54.990124300,CARD
398,USER001,USER003,5323,NULL,DEV459,0,Mumbai,Flipkart,45,SUCCESS,2026-02-25T19:05:58.000028600,CARD
399,USER003,USER003,4562,NULL,DEV89,0,Delhi,Amazon,45,SUCCESS,2026-02-25T19:06:01.024293400,ONLINE
400,USER002,USER002,6952,NULL,DEV296,0,Hyderabad,Flipkart,45,SUCCESS,2026-02-25T19:06:04.053072200,ONLINE
401,USER003,USER003,10565,NULL,DEV267,0,Hyderabad,Amazon,45,SUCCESS,2026-02-25T19:06:07.085094300,UPI
402,USER003,USER003,8633,NULL,DEV359,0,Mumbai,Amazon,45,SUCCESS,2026-02-25T19:06:10.108210600,ONLINE
403,USER003,USER001,1119,NULL,DEV37,1,Delhi,Unknown,75,SUCCESS,2026-02-25T19:06:13.130444800,CARD
404,USER003,USER003,2971,NULL,DEV452,0,Delhi,Flipkart,20,SUCCESS,2026-02-25T19:06:16.155286800,ONLINE
405,USER003,USER003,2094,NULL,DEV160,0,Mumbai,Flipkart,45,SUCCESS,2026-02-25T19:06:19.173223800,CARD
406,USER002,USER003,2350,NULL,DEV744,0,Delhi,Amazon,45,SUCCESS,2026-02-25T19:06:22.201897200,ONLINE
407,USER001,USER001,4672,NULL,DEV361,0,Delhi,Amazon,45,SUCCESS,2026-02-25T19:06:25.213269100,ONLINE
408,USER003,USER003,10064,NULL,DEV502,0,Delhi,Amazon,45,SUCCESS,2026-02-25T19:06:28.228331,CARD
409,USER002,USER002,8533,NULL,DEV953,1,Hyderabad,Unknown,75,SUCCESS,2026-02-25T19:06:31.243399800,ONLINE
410,USER002,USER003,8912,NULL,DEV416,0,Mumbai,Flipkart,45,SUCCESS,2026-02-25T19:06:34.252814700,ONLINE
411,USER002,USER001,9003,NULL,DEV658,0,Hyderabad,Flipkart,45,SUCCESS,2026-02-25T19:06:37.270711700,CARD
412,USER002,USER003,2427,NULL,DEV849,0,Hyderabad,Amazon,20,SUCCESS,2026-02-25T19:06:40.277797800,UPI
413,USER002,USER002,5919,NULL,DEV880,0,Delhi,Amazon,45,SUCCESS,2026-02-25T19:06:43.297522700,CARD
414,USER001,USER002,10256,NULL,DEV796,0,Hyderabad,Amazon,45,SUCCESS,2026-02-25T19:06:46.307756,CARD
415,USER003,USER002,8529,NULL,DEV293,1,Hyderabad,Unknown,75,SUCCESS,2026-02-25T19:06:49.320398600,ONLINE
416,USER002,USER002,7135,NULL,DEV571,0,Hyderabad,Flipkart,45,SUCCESS,2026-02-25T19:15:00.917605600,CARD
417,USER003,USER003,1264,NULL,DEV275,0,Mumbai,Flipkart,45,SUCCESS,2026-02-25T19:15:03.935973600,UPI
418,USER001,USER001,7973,NULL,DEV504,0,Hyderabad,Flipkart,20,SUCCESS,2026-02-25T19:15:06.956971,UPI
419,USER002,USER002,3017,NULL,DEV260,0,Mumbai,Flipkart,45,SUCCESS,2026-02-25T19:15:09.973623100,UPI
420,USER002,USER001,4113,NULL,DEV879,1,Hyderabad,Unknown,75,SUCCESS,2026-02-25T19:15:12.986140200,CARD
421,USER002,USER002,1195,NULL,DEV132,0,Delhi,Flipkart,45,SUCCESS,2026-02-25T19:15:15.993066300,CARD
422,USER003,USER003,10369,NULL,DEV577,0,Hyderabad,Flipkart,45,SUCCESS,2026-02-25T19:15:19.004409500,ONLINE
423,USER003,USER003,6613,NULL,DEV260,0,Delhi,Flipkart,45,SUCCESS,2026-02-25T19:15:22.016434100,CARD
424,USER001,USER002,7844,NULL,DEV72,0,Mumbai,Amazon,45,SUCCESS,2026-02-25T19:15:25.040004800,UPI
425,USER003,USER001,5157,NULL,DEV432,1,Mumbai,Unknown,75,SUCCESS,2026-02-25T19:15:28.065794300,UPI
426,USER003,USER001,3273,NULL,DEV192,1,Hyderabad,Unknown,75,SUCCESS,2026-02-25T19:15:31.095744300,CARD
427,USER002,USER003,7770,NULL,DEV617,0,Delhi,Flipkart,20,SUCCESS,2026-02-25T19:15:34.120296700,UPI
428,USER001,USER003,1581,NULL,DEV268,1,Hyderabad,Unknown,75,SUCCESS,2026-02-25T19:15:37.139135300,UPI
429,USER003,USER002,2850,NULL,DEV235,0,Mumbai,Amazon,45,SUCCESS,2026-02-25T19:15:40.156932300,ONLINE
430,USER002,USER003,5056,NULL,DEV628,1,Mumbai,Unknown,75,SUCCESS,2026-02-25T19:15:43.178849400,CARD
431,USER001,USER003,5259,NULL,DEV759,0,Hyderabad,Unknown,50,SUCCESS,2026-02-25T19:15:46.195726400,ONLINE
432,USER002,USER002,122296,NULL,DEV317,1,Mumbai,Unknown,100,SUCCESS,2026-02-25T19:15:49.212447,CARD
433,USER001,USER001,106989,NULL,DEV713,1,Hyderabad,Amazon,70,SUCCESS,2026-02-25T19:15:52.229000100,ONLINE
434,USER001,USER003,8907,NULL,DEV776,0,Delhi,Amazon,45,SUCCESS,2026-02-25T19:15:55.246407100,CARD
435,USER002,USER001,8718,NULL,DEV322,1,Delhi,Unknown,75,SUCCESS,2026-02-25T19:15:58.272122,UPI
436,USER002,USER003,3313,NULL,DEV744,0,Hyderabad,Flipkart,45,SUCCESS,2026-02-25T19:16:01.288741300,UPI
437,USER002,USER001,1027,NULL,DEV590,0,Hyderabad,Flipkart,20,SUCCESS,2026-02-25T19:16:04.296590200,ONLINE
438,USER003,USER003,4862,NULL,DEV536,0,Mumbai,Unknown,50,SUCCESS,2026-02-25T19:16:07.325779500,ONLINE
439,USER002,USER001,8932,NULL,DEV94,1,Mumbai,Unknown,75,SUCCESS,2026-02-25T19:16:10.351308200,CARD
440,USER001,USER001,6259,NULL,DEV633,0,Delhi,Amazon,20,SUCCESS,2026-02-25T19:16:13.371569500,UPI
441,USER001,USER002,6176,NULL,DEV293,0,Hyderabad,Flipkart,45,SUCCESS,2026-02-25T19:16:16.381335600,ONLINE
442,USER003,USER002,8141,NULL,DEV71,1,Hyderabad,Unknown,75,SUCCESS,2026-02-25T19:16:19.403123300,ONLINE
443,USER001,USER002,5364,NULL,DEV231,0,Mumbai,Flipkart,45,SUCCESS,2026-02-25T19:16:22.425261400,UPI
444,USER002,USER003,7530,NULL,DEV180,0,Hyderabad,Amazon,45,SUCCESS,2026-02-25T19:16:25.438931700,CARD
445,USER003,USER003,7519,NULL,DEV516,0,Mumbai,Amazon,45,SUCCESS,2026-02-25T19:16:28.461899900,CARD
446,USER001,USER003,1835,NULL,DEV995,0,Hyderabad,Flipkart,45,SUCCESS,2026-02-25T19:16:31.477070,ONLINE
447,USER002,USER003,8000,NULL,DEV680,0,Delhi,Flipkart,45,SUCCESS,2026-02-25T19:16:34.494276200,ONLINE
448,USER001,USER002,5020,NULL,DEV845,0,Delhi,Flipkart,45,SUCCESS,2026-02-25T19:16:37.524781900,UPI
449,USER003,USER003,4837,NULL,DEV654,0,Hyderabad,Flipkart,45,SUCCESS,2026-02-25T19:16:40.546725100,UPI
450,USER003,USER001,91252,NULL,DEV358,1,Mumbai,Unknown,125,SUCCESS,2026-02-25T19:16:43.565334600,ONLINE
451,USER003,USER003,92613,NULL,DEV863,1,Mumbai,Amazon,70,SUCCESS,2026-02-25T19:16:46.598318900,ONLINE
452,USER001,USER001,4283,NULL,DEV112,0,Delhi,Flipkart,20,SUCCESS,2026-02-25T19:16:49.618101,ONLINE
453,USER001,USER001,4870,NULL,DEV190,0,Hyderabad,Amazon,45,SUCCESS,2026-02-25T19:16:52.645296600,CARD
454,USER003,USER003,5782,NULL,DEV981,0,Hyderabad,Amazon,45,SUCCESS,2026-02-25T19:16:55.658757900,UPI
455,USER002,USER002,6478,NULL,DEV798,0,Hyderabad,Amazon,45,SUCCESS,2026-02-25T19:16:58.669857200,CARD
456,USER003,USER001,6396,NULL,DEV17,0,Delhi,Amazon,45,SUCCESS,2026-02-25T19:17:01.674933,CARD
457,USER002,USER001,6885,NULL,DEV961,0,Delhi,Amazon,45,SUCCESS,2026-02-25T19:17:04.684884600,CARD
458,USER003,USER003,9483,NULL,DEV237,1,Mumbai,Unknown,75,SUCCESS,2026-02-25T19:17:07.701699100,UPI
459,USER001,USER001,5256,NULL,DEV434,0,Hyderabad,Unknown,50,SUCCESS,2026-02-25T19:17:10.732966100,ONLINE
460,USER003,USER003,9250,NULL,DEV763,0,Mumbai,Flipkart,20,SUCCESS,2026-02-25T19:17:13.753607,ONLINE
461,USER003,USER002,9095,NULL,DEV364,0,Hyderabad,Amazon,45,SUCCESS,2026-02-25T19:17:16.774423500,CARD
462,USER003,USER003,10368,NULL,DEV760,0,Hyderabad,Amazon,20,SUCCESS,2026-02-25T19:17:19.792639300,UPI
463,USER002,USER002,7039,NULL,DEV480,1,Hyderabad,Unknown,75,SUCCESS,2026-02-25T19:17:22.800536200,UPI
464,USER003,USER002,8691,NULL,DEV76,0,Delhi,GooglePay,45,SUCCESS,2026-02-28T17:55:37.304651100,CARD
465,USER003,USER003,8286,NULL,DEV103,0,Delhi,Paytm,20,SUCCESS,2026-02-28T17:55:40.358068900,ONLINE
466,USER001,USER001,9318,NULL,DEV481,0,Hyderabad,PhonePe,20,SUCCESS,2026-02-28T17:55:43.379745500,UPI
467,USER004,USER004,2279,NULL,DEV278,0,Bangalore,Flipkart,0,SUCCESS,2026-02-28T17:55:46.397075500,ONLINE
468,USER001,USER003,8093,NULL,DEV642,0,Hyderabad,Flipkart,20,SUCCESS,2026-02-28T17:55:49.413449700,CARD
469,USER001,USER002,4497,NULL,DEV122,0,Delhi,Zomato,45,SUCCESS,2026-02-28T17:55:52.433165900,CARD
470,USER004,USER002,6094,NULL,DEV545,0,Mumbai,Uber,25,SUCCESS,2026-02-28T17:55:55.445816200,ONLINE
471,USER003,USER004,1661,NULL,DEV708,0,Bangalore,Zomato,45,SUCCESS,2026-02-28T17:55:58.452331200,NETBANKING
472,USER003,USER002,93438,NULL,DEV982,1,Chennai,FraudStore,95,SUCCESS,2026-02-28T17:56:01.462727400,CARD
473,USER003,USER003,1930,NULL,DEV483,0,Mumbai,Amazon,45,SUCCESS,2026-02-28T17:56:04.484353200,ONLINE
474,USER001,USER002,94675,NULL,DEV333,1,Mumbai,Swiggy,95,SUCCESS,2026-02-28T17:56:07.491353200,ONLINE
475,USER002,USER004,3033,NULL,DEV725,0,Bangalore,Flipkart,45,SUCCESS,2026-02-28T17:56:10.512616,ONLINE
476,USER003,USER001,82585,NULL,DEV622,1,Chennai,GooglePay,95,SUCCESS,2026-02-28T17:56:13.523504800,ONLINE
477,USER004,USER004,1406,NULL,DEV656,0,Chennai,Swiggy,25,SUCCESS,2026-02-28T17:56:16.532446,NETBANKING
478,USER003,USER002,5325,NULL,DEV774,0,Bangalore,GooglePay,45,SUCCESS,2026-02-28T17:56:19.544309200,UPI
479,USER001,USER002,8734,NULL,DEV359,0,Delhi,Zomato,45,SUCCESS,2026-02-28T17:56:22.554496600,CARD
480,USER001,USER004,6435,NULL,DEV767,0,Hyderabad,Myntra,45,SUCCESS,2026-02-28T17:56:25.571922100,ONLINE
481,USER002,USER001,8230,NULL,DEV662,0,Mumbai,PhonePe,45,SUCCESS,2026-02-28T17:56:28.582685,NETBANKING
482,USER001,USER001,94469,NULL,DEV452,1,Hyderabad,FraudStore,70,SUCCESS,2026-02-28T17:56:31.588039200,CARD
483,USER002,USER001,6998,NULL,DEV790,0,Delhi,Paytm,45,SUCCESS,2026-02-28T17:56:34.594740100,UPI
484,USER002,USER003,103398,NULL,DEV266,1,Hyderabad,FraudStore,95,SUCCESS,2026-02-28T17:56:37.608911900,CARD
485,USER004,USER004,2302,NULL,DEV85,0,Chennai,Zomato,20,SUCCESS,2026-02-28T17:56:40.624525100,UPI
486,USER001,USER002,114020,NULL,DEV349,1,Mumbai,Uber,95,SUCCESS,2026-02-28T17:56:43.643807100,UPI
487,USER004,USER003,81645,NULL,DEV509,1,Chennai,Paytm,70,SUCCESS,2026-02-28T17:56:46.660994500,CARD
488,USER004,USER004,2042,NULL,DEV32,0,Bangalore,PhonePe,45,SUCCESS,2026-02-28T17:56:49.673245,UPI
489,USER004,USER002,2121,NULL,DEV270,0,Mumbai,Uber,45,SUCCESS,2026-02-28T17:56:52.679418400,ONLINE
490,USER002,USER001,83680,NULL,DEV47,1,Delhi,Uber,95,SUCCESS,2026-02-28T17:56:55.689127200,ONLINE
491,USER003,USER003,7736,NULL,DEV318,0,Bangalore,Myntra,20,SUCCESS,2026-02-28T17:56:58.702186600,UPI
492,USER002,USER001,4544,NULL,DEV68,0,Mumbai,Paytm,45,SUCCESS,2026-02-28T17:57:01.707869300,NETBANKING
493,USER003,USER004,6977,NULL,DEV584,0,Bangalore,FraudStore,20,SUCCESS,2026-02-28T17:57:04.726556200,ONLINE
494,USER002,USER002,7930,NULL,DEV940,0,Mumbai,Amazon,20,SUCCESS,2026-02-28T17:57:07.739962400,UPI
495,USER002,USER004,117572,NULL,DEV773,1,Chennai,Paytm,95,SUCCESS,2026-02-28T17:57:10.758784500,CARD
496,USER002,USER003,1860,NULL,DEV372,0,Chennai,Unknown,50,SUCCESS,2026-02-28T17:57:13.775575500,CARD
497,USER001,USER003,110868,NULL,DEV274,1,Bangalore,Flipkart,95,SUCCESS,2026-02-28T17:57:16.792675400,ONLINE
498,USER002,USER003,2513,NULL,DEV816,0,Bangalore,PhonePe,45,SUCCESS,2026-02-28T17:57:19.808429300,UPI
499,USER001,USER002,10570,NULL,DEV187,0,Chennai,Flipkart,45,SUCCESS,2026-02-28T17:57:22.813403900,UPI
500,USER001,USER004,108438,NULL,DEV154,1,Hyderabad,Paytm,95,SUCCESS,2026-02-28T17:57:25.818497700,CARD
501,USER002,USER004,8922,NULL,DEV10,0,Mumbai,GooglePay,45,SUCCESS,2026-02-28T17:57:28.825855700,UPI
502,USER004,USER003,81468,NULL,DEV105,1,Delhi,GooglePay,95,SUCCESS,2026-02-28T17:57:31.836258900,CARD
503,USER002,USER003,83159,NULL,DEV221,1,Bangalore,Paytm,95,SUCCESS,2026-02-28T17:57:34.857099900,NETBANKING
504,USER004,USER004,9605,NULL,DEV604,0,Hyderabad,PhonePe,45,SUCCESS,2026-02-28T17:57:37.869337100,NETBANKING
505,USER003,USER004,3770,NULL,DEV772,0,Mumbai,GooglePay,45,SUCCESS,2026-02-28T17:57:40.884991200,UPI
506,USER001,USER003,8568,NULL,DEV683,0,Hyderabad,Myntra,20,SUCCESS,2026-02-28T17:57:43.897530700,UPI
507,USER004,USER004,5738,NULL,DEV483,0,Mumbai,Flipkart,45,SUCCESS,2026-02-28T17:57:46.909556100,NETBANKING
508,USER002,USER002,113727,NULL,DEV430,1,Chennai,PhonePe,95,SUCCESS,2026-02-28T17:57:49.914626900,NETBANKING
509,USER001,USER001,9980,NULL,DEV582,1,Chennai,Unknown,75,SUCCESS,2026-02-28T17:57:52.927894200,CARD
510,USER003,USER001,2446,NULL,DEV862,0,Chennai,FakeShop,45,SUCCESS,2026-02-28T17:57:55.937908,CARD
511,USER003,USER003,7598,NULL,DEV718,0,Chennai,Amazon,20,SUCCESS,2026-02-28T17:57:58.942510,NETBANKING
512,USER003,USER002,2857,NULL,DEV576,0,Delhi,Paytm,45,SUCCESS,2026-02-28T17:58:01.957583,ONLINE
513,USER002,USER002,87561,NULL,DEV871,1,Mumbai,Paytm,95,SUCCESS,2026-02-28T17:58:04.975252300,CARD
514,USER002,USER003,2375,NULL,DEV894,0,Chennai,GooglePay,45,SUCCESS,2026-02-28T17:58:07.987046600,CARD
515,USER004,USER004,8263,NULL,DEV546,0,Delhi,Zomato,45,SUCCESS,2026-02-28T17:58:11.002824700,ONLINE
516,USER001,USER001,10151,NULL,DEV33,0,Mumbai,FakeShop,45,SUCCESS,2026-02-28T17:58:14.015882400,CARD
517,USER004,USER003,9535,NULL,DEV839,0,Bangalore,GooglePay,45,SUCCESS,2026-02-28T17:58:17.030669,NETBANKING
518,USER001,USER002,5478,NULL,DEV654,0,Delhi,Uber,45,SUCCESS,2026-02-28T17:58:20.038463700,NETBANKING
519,USER002,USER004,8281,NULL,DEV283,0,Chennai,Paytm,20,SUCCESS,2026-02-28T17:58:23.044593300,UPI
520,USER002,USER003,128927,NULL,DEV239,1,Bangalore,FraudStore,95,SUCCESS,2026-02-28T17:58:26.064188400,ONLINE
521,USER003,USER004,3104,NULL,DEV241,0,Delhi,Zomato,20,SUCCESS,2026-02-28T17:58:29.071520700,UPI
522,USER002,USER004,112074,NULL,DEV873,1,Hyderabad,GooglePay,95,SUCCESS,2026-02-28T17:58:32.080077600,ONLINE
523,USER001,USER004,5012,NULL,DEV204,0,Hyderabad,FraudStore,45,SUCCESS,2026-02-28T17:58:35.089463700,CARD
524,USER002,USER002,7792,NULL,DEV626,0,Chennai,Paytm,45,SUCCESS,2026-02-28T17:58:38.100609600,NETBANKING
525,USER004,USER001,7544,NULL,DEV981,0,Chennai,GooglePay,45,SUCCESS,2026-02-28T17:58:41.112281300,ONLINE
526,USER004,USER002,6694,NULL,DEV495,0,Bangalore,Flipkart,45,SUCCESS,2026-02-28T17:58:44.120187900,NETBANKING
527,USER003,USER001,4851,NULL,DEV410,1,Hyderabad,Unknown,75,SUCCESS,2026-02-28T17:58:47.138784600,ONLINE
528,USER002,USER003,2163,NULL,DEV508,0,Chennai,Flipkart,20,SUCCESS,2026-02-28T17:58:50.148001600,CARD
529,USER003,USER003,3398,NULL,DEV25,1,Bangalore,Unknown,75,SUCCESS,2026-02-28T17:58:53.157774400,NETBANKING
530,USER004,USER003,9110,NULL,DEV864,0,Hyderabad,Amazon,45,SUCCESS,2026-02-28T17:58:56.178297,CARD
531,USER001,USER004,1347,NULL,DEV239,0,Mumbai,Myntra,45,SUCCESS,2026-02-28T17:58:59.186144600,NETBANKING
532,USER003,USER004,2179,NULL,DEV126,0,Bangalore,FraudStore,20,SUCCESS,2026-02-28T17:59:02.199666500,UPI
533,USER002,USER001,7476,NULL,DEV855,0,Bangalore,FakeShop,45,SUCCESS,2026-02-28T17:59:05.207625800,CARD
534,USER002,USER002,7440,NULL,DEV983,0,Hyderabad,Amazon,45,SUCCESS,2026-02-28T17:59:08.223492900,ONLINE
535,USER004,USER001,10304,NULL,DEV41,1,Bangalore,Unknown,75,SUCCESS,2026-02-28T17:59:11.235518400,CARD
536,USER004,USER003,9413,NULL,DEV217,0,Bangalore,GooglePay,20,SUCCESS,2026-02-28T17:59:14.251288500,UPI
537,USER004,USER004,8585,NULL,DEV282,0,Bangalore,Amazon,20,SUCCESS,2026-02-28T17:59:17.265196300,NETBANKING
538,USER002,USER004,9116,NULL,DEV766,0,Bangalore,Uber,45,SUCCESS,2026-02-28T17:59:20.280249700,NETBANKING
539,USER004,USER003,8202,NULL,DEV114,0,Chennai,Uber,45,SUCCESS,2026-02-28T17:59:23.286967400,NETBANKING
540,USER003,USER004,87694,NULL,DEV238,1,Chennai,Uber,95,SUCCESS,2026-02-28T17:59:26.302187600,NETBANKING
541,USER002,USER004,1789,NULL,DEV25,0,Hyderabad,Flipkart,45,SUCCESS,2026-02-28T17:59:29.318924200,UPI
542,USER003,USER002,4161,NULL,DEV569,0,Hyderabad,Myntra,45,SUCCESS,2026-02-28T17:59:32.331373200,UPI
543,USER002,USER001,8870,NULL,DEV178,1,Mumbai,Unknown,75,SUCCESS,2026-02-28T17:59:35.349666200,NETBANKING
544,USER001,USER002,6997,NULL,DEV4,0,Hyderabad,Myntra,45,SUCCESS,2026-02-28T17:59:38.362415600,NETBANKING
545,USER003,USER004,9276,NULL,DEV902,0,Hyderabad,Zomato,20,SUCCESS,2026-02-28T17:59:41.371790300,CARD
546,USER003,USER003,126445,NULL,DEV706,1,Chennai,Swiggy,95,SUCCESS,2026-02-28T17:59:44.377193700,NETBANKING
547,USER002,USER003,2448,NULL,DEV367,0,Bangalore,Zomato,45,SUCCESS,2026-02-28T17:59:47.383901400,NETBANKING
548,USER001,USER003,127269,NULL,DEV622,1,Chennai,Swiggy,95,SUCCESS,2026-02-28T17:59:50.402803500,CARD
549,USER001,USER001,6578,NULL,DEV607,0,Hyderabad,FraudStore,45,SUCCESS,2026-02-28T17:59:53.409859900,UPI
550,USER004,USER001,2609,NULL,DEV808,0,Delhi,FakeShop,45,SUCCESS,2026-02-28T17:59:56.418153700,ONLINE
551,USER001,USER002,1086,NULL,DEV911,0,Bangalore,FraudStore,45,SUCCESS,2026-02-28T17:59:59.434841400,NETBANKING
552,USER003,USER003,10016,NULL,DEV774,1,Delhi,Unknown,75,SUCCESS,2026-02-28T18:00:02.443044500,CARD
553,USER003,USER002,8054,NULL,DEV963,0,Chennai,FraudStore,45,SUCCESS,2026-02-28T18:00:05.460352,CARD
554,USER003,USER003,1485,NULL,DEV228,0,Mumbai,Myntra,45,SUCCESS,2026-02-28T18:00:08.469814200,ONLINE
555,USER004,USER002,5984,NULL,DEV964,0,Hyderabad,Zomato,45,SUCCESS,2026-02-28T18:00:11.486300600,UPI
556,USER001,USER004,6115,NULL,DEV218,0,Bangalore,Unknown,50,SUCCESS,2026-02-28T18:00:14.502413900,UPI
557,USER001,USER001,9668,NULL,DEV488,0,Hyderabad,Uber,45,SUCCESS,2026-02-28T18:00:17.521177800,UPI
558,USER004,USER001,4334,NULL,DEV792,0,Mumbai,PhonePe,45,SUCCESS,2026-02-28T18:00:20.532274500,UPI
559,USER004,USER002,122364,NULL,DEV69,1,Delhi,Unknown,125,SUCCESS,2026-02-28T18:00:23.547842300,ONLINE
560,USER001,USER001,8001,NULL,DEV273,1,Bangalore,Unknown,75,SUCCESS,2026-02-28T18:00:26.556674400,UPI
561,USER003,USER003,6497,NULL,DEV480,0,Mumbai,Unknown,50,SUCCESS,2026-02-28T18:00:29.570722500,UPI
562,USER004,USER001,9690,NULL,DEV294,0,Chennai,Myntra,45,SUCCESS,2026-02-28T18:00:32.577209600,UPI
563,USER001,USER002,3413,NULL,DEV950,1,Hyderabad,Unknown,75,SUCCESS,2026-02-28T18:00:35.589219700,ONLINE
564,USER001,USER001,90711,NULL,DEV321,1,Chennai,FraudStore,95,SUCCESS,2026-02-28T18:00:38.605968800,NETBANKING
565,USER003,USER001,5027,NULL,DEV836,0,Bangalore,Zomato,45,SUCCESS,2026-02-28T18:00:41.617981400,UPI
566,USER004,USER004,129678,NULL,DEV466,1,Chennai,GooglePay,70,SUCCESS,2026-02-28T18:00:44.630629,CARD
567,USER004,USER002,8786,NULL,DEV461,0,Chennai,Swiggy,20,SUCCESS,2026-02-28T18:00:47.646696800,NETBANKING
568,USER004,USER001,118835,NULL,DEV983,1,Bangalore,PhonePe,95,SUCCESS,2026-02-28T18:00:50.654120800,UPI
569,USER003,USER004,1785,NULL,DEV456,0,Mumbai,FraudStore,45,SUCCESS,2026-02-28T18:00:53.665196600,NETBANKING
